[
  {
      "model": "quizzes.quiz",
      "pk": 1,
      "fields": {
          "time_created": "2021-06-03T12:36:15.057Z",
          "time_updated": "2021-06-03T12:36:15.057Z",
          "name": "Mixed Bag",
          "description": "Just a couple questions about counting and sounds.",
          "introduction": "",
          "is_finalized": true,
          "num_questions": 2,
          "num_options": 4,
          "user": 1,
          "community": 1
      }
  },
  {
      "model": "quizzes.question",
      "pk": 1,
      "fields": {
          "text": "What does 2+2 equal to?",
          "explanation": "That's a toughie. But you can verify the answer with your fingers.",
          "quiz": 1
      }
  },
  {
      "model": "quizzes.question",
      "pk": 2,
      "fields": {
          "text": "What does the fox say?",
          "explanation": "Try searching the answer on youtube.",
          "quiz": 1
      }
  },
  {
      "model": "quizzes.option",
      "pk": 1,
      "fields": {
          "text": "1",
          "is_correct": false,
          "question": 1
      }
  },
  {
      "model": "quizzes.option",
      "pk": 2,
      "fields": {
          "text": "2",
          "is_correct": false,
          "question": 1
      }
  },
  {
      "model": "quizzes.option",
      "pk": 3,
      "fields": {
          "text": "3",
          "is_correct": false,
          "question": 1
      }
  },
  {
      "model": "quizzes.option",
      "pk": 4,
      "fields": {
          "text": "4",
          "is_correct": true,
          "question": 1
      }
  },
  {
      "model": "quizzes.option",
      "pk": 5,
      "fields": {
          "text": "Meaow",
          "is_correct": false,
          "question": 2
      }
  },
  {
      "model": "quizzes.option",
      "pk": 6,
      "fields": {
          "text": "Woof",
          "is_correct": false,
          "question": 2
      }
  },
  {
      "model": "quizzes.option",
      "pk": 7,
      "fields": {
          "text": "Bazinga!",
          "is_correct": false,
          "question": 2
      }
  },
  {
      "model": "quizzes.option",
      "pk": 8,
      "fields": {
          "text": "None of these",
          "is_correct": true,
          "question": 2
      }
  },







  {
    "model": "quizzes.quiz",
    "pk": 2,
    "fields": {
        "time_created": "2021-06-03T12:46:15.057Z",
        "time_updated": "2021-06-03T12:46:15.057Z",
        "name": "Cities",
        "description": "How well do you know Russian cities?",
        "introduction": "",
        "is_finalized": false,
        "num_questions": 2,
        "num_options": 4,
        "user": 1,
        "community": 1
    }
  },
  {
      "model": "quizzes.question",
      "pk": 3,
      "fields": {
          "text": "What city is officially the capital of Russia?",
          "explanation": "",
          "quiz": 2
      }
  },
  {
      "model": "quizzes.question",
      "pk": 4,
      "fields": {
          "text": "What city never was a capital of Russia?",
          "explanation": "",
          "quiz": 2
      }
  },
  {
      "model": "quizzes.option",
      "pk": 9,
      "fields": {
          "text": "Kiev",
          "is_correct": false,
          "question": 3
      }
  },
  {
      "model": "quizzes.option",
      "pk": 10,
      "fields": {
          "text": "Moscow",
          "is_correct": true,
          "question": 3
      }
  },
  {
      "model": "quizzes.option",
      "pk": 11,
      "fields": {
          "text": "Russianberg",
          "is_correct": false,
          "question": 3
      }
  },
  {
      "model": "quizzes.option",
      "pk": 12,
      "fields": {
          "text": "Saint Petersburg",
          "is_correct": false,
          "question": 3
      }
  },
  {
      "model": "quizzes.option",
      "pk": 13,
      "fields": {
          "text": "Moscow",
          "is_correct": false,
          "question": 4
      }
  },
  {
      "model": "quizzes.option",
      "pk": 14,
      "fields": {
          "text": "Novgorod",
          "is_correct": false,
          "question": 4
      }
  },
  {
      "model": "quizzes.option",
      "pk": 15,
      "fields": {
          "text": "Kiev",
          "is_correct": false,
          "question": 4
      }
  },
  {
      "model": "quizzes.option",
      "pk": 16,
      "fields": {
          "text": "Novosibirsk",
          "is_correct": true,
          "question": 4
      }
  },





  {
    "model": "quizzes.quiz",
    "pk": 3,
    "fields": {
        "time_created": "2021-06-03T12:56:15.057Z",
        "time_updated": "2021-06-03T12:56:15.057Z",
        "name": "Programming",
        "description": "",
        "introduction": "",
        "is_finalized": false,
        "num_questions": 2,
        "num_options": 4,
        "user": 1,
        "community": 1
    }
  },
  {
      "model": "quizzes.question",
      "pk": 5,
      "fields": {
          "text": "Which of these is a programming language?",
          "explanation": "",
          "quiz": 3
      }
  },
  {
      "model": "quizzes.question",
      "pk": 6,
      "fields": {
          "text": "Which famous programmer didn't participate in the development of UNIX at Belle Labs?",
          "explanation": "",
          "quiz": 3
      }
  },
  {
      "model": "quizzes.option",
      "pk": 17,
      "fields": {
          "text": "Python",
          "is_correct": true,
          "question": 5
      }
  },
  {
      "model": "quizzes.option",
      "pk": 18,
      "fields": {
          "text": "Anaconda",
          "is_correct": false,
          "question": 5
      }
  },
  {
      "model": "quizzes.option",
      "pk": 19,
      "fields": {
          "text": "HTML",
          "is_correct": false,
          "question": 5
      }
  },
  {
      "model": "quizzes.option",
      "pk": 20,
      "fields": {
          "text": "CSS",
          "is_correct": false,
          "question": 5
      }
  },
  {
      "model": "quizzes.option",
      "pk": 21,
      "fields": {
          "text": "Ken Thompson",
          "is_correct": false,
          "question": 6
      }
  },
  {
      "model": "quizzes.option",
      "pk": 22,
      "fields": {
          "text": "Dennis Ritchie",
          "is_correct": false,
          "question": 6
      }
  },
  {
      "model": "quizzes.option",
      "pk": 23,
      "fields": {
          "text": "Douglas McIlroy",
          "is_correct": false,
          "question": 6
      }
  },
  {
      "model": "quizzes.option",
      "pk": 24,
      "fields": {
          "text": "Guido van Rossum",
          "is_correct": true,
          "question": 6
      }
  },





  {
    "model": "quizzes.quiz",
    "pk": 4,
    "fields": {
        "time_created": "2021-06-03T12:59:15.057Z",
        "time_updated": "2021-06-03T12:59:15.057Z",
        "name": "Definitions of Things",
        "description": "",
        "introduction": "",
        "is_finalized": true,
        "num_questions": 2,
        "num_options": 4,
        "user": 2,
        "community": 1
    }
  },
  {
      "model": "quizzes.question",
      "pk": 7,
      "fields": {
          "text": "What is love?",
          "explanation": "",
          "quiz": 4
      }
  },
  {
      "model": "quizzes.question",
      "pk": 8,
      "fields": {
          "text": "How much is the fish?",
          "explanation": "",
          "quiz": 4
      }
  },
  {
      "model": "quizzes.option",
      "pk": 25,
      "fields": {
          "text": "baby don't hurt me",
          "is_correct": false,
          "question": 7
      }
  },
  {
      "model": "quizzes.option",
      "pk": 26,
      "fields": {
          "text": "don't hurt me",
          "is_correct": false,
          "question": 7
      }
  },
  {
      "model": "quizzes.option",
      "pk": 27,
      "fields": {
          "text": "no more",
          "is_correct": false,
          "question": 7
      }
  },
  {
      "model": "quizzes.option",
      "pk": 28,
      "fields": {
          "text": "all of these",
          "is_correct": true,
          "question": 7
      }
  },
  {
      "model": "quizzes.option",
      "pk": 29,
      "fields": {
          "text": "lala-lalala-la-la",
          "is_correct": false,
          "question": 8
      }
  },
  {
      "model": "quizzes.option",
      "pk": 30,
      "fields": {
          "text": "lalalala",
          "is_correct": false,
          "question": 8
      }
  },
  {
      "model": "quizzes.option",
      "pk": 31,
      "fields": {
          "text": "lala-lalala-la-lalala",
          "is_correct": false,
          "question": 8
      }
  },
  {
      "model": "quizzes.option",
      "pk": 32,
      "fields": {
          "text": "all of these",
          "is_correct": true,
          "question": 8
      }
    }
]